cn_code,mapping,production_route,description
2601 12 00,Sinter ore,Iron ore,"Agglomerated iron ores and concentrates, other than roasted iron pyrites"
2601 12 00,Pellets ore,Iron ore,"Agglomerated iron ores and concentrates, other than roasted iron pyrites"
7201,"1, 9",Primary route,"Pig iron and spiegeleisen in pigs, blocks or other primary forms"
7202 11 7202 19,Ferro-manganese,Ferro-alloys,Ferro-manganese
7202 41 7202 49,Ferro-chromium,Ferro-alloys,Ferro-chromium
7202 60 00,Ferro-nickel,Ferro-alloys,Ferro-nickel
7203,4,DRI (Midrex),"Ferrous products obtained by direct reduction of iron ore and other spongy ferrous products, in lumps, pellets or the like; iron having a minimum purity of 99.94%, in lumps, pellets or similar forms"
7203,4,DRI (Corex),"Ferrous products obtained by direct reduction of iron ore and other spongy ferrous products, in lumps, pellets or the like; iron having a minimum purity of 99.94%, in lumps, pellets or similar forms"
7205,"1, 9",Primary route,"Granules and powders, of pig iron, spiegeleisen, iron or steel"
7205,"1, 2",Primary route,"Granules and powders, of pig iron, spiegeleisen, iron or steel"
7206 10 00,"1, 2, 10",Primary route,Ingots
7206 10 00,"3, 10",Secondary route - EAF,Ingots
7206 10 00,"3, 10",Secondary route - Induction furnace,Ingots
7206 90 00,"1, 2, 11",Primary route,"Continuous casting (slab, billet, bloom)"
7206 90 00,"3, 11",Secondary route - EAF,"Continuous casting (slab, billet, bloom)"
7206 90 00,"3, 11",Secondary route - Induction furnace,"Continuous casting (slab, billet, bloom)"
7207 11 11 7207 11 14 7207 11 16 7207 12 10 7207 19 12 7207 19 80 7207 20 11 7207 20 15 7207 20 17 7207 20 32 7207 20 52 7207 20 80,"1, 2, 11, 18, 25",Primary route,"Bars, rods, and other long products"
7207 11 11 7207 11 14 7207 11 16 7207 12 10 7207 19 12 7207 19 80 7207 20 11 7207 20 15 7207 20 17 7207 20 32 7207 20 52 7207 20 80,"3, 11, 18, 25",Secondary route - EAF,"Bars, rods, and other long products"
7207 11 11 7207 11 14 7207 11 16 7207 12 10 7207 19 12 7207 19 80 7207 20 11 7207 20 15 7207 20 17 7207 20 32 7207 20 52 7207 20 80,"3, 11, 18, 25",Secondary route - Induction furnace,"Bars, rods, and other long products"
7207 11 11 7207 11 14 7207 11 16 7207 12 10 7207 19 12 7207 19 80 7207 20 11 7207 20 15 7207 20 17 7207 20 32 7207 20 52 7207 20 80,"3, 4, 11, 18, 25",DRI (Midrex)-EAF,"Bars, rods, and other long products"
7207 11 11 7207 11 14 7207 11 16 7207 12 10 7207 19 12 7207 19 80 7207 20 11 7207 20 15 7207 20 17 7207 20 32 7207 20 52 7207 20 80,"2, 4, 11, 18, 25",DRI (Corex)-BOF,"Bars, rods, and other long products"
7207 11 11 7207 11 14 7207 11 16 7207 12 10 7207 19 12 7207 19 80 7207 20 11 7207 20 15 7207 20 17 7207 20 32 7207 20 52 7207 20 80,"3, 4, 11, 18, 25",DRI (Rotary Kiln)-EAF,"Bars, rods, and other long products"
7207 11 90 7207 12 90 7207 19 19 7207 20 19 7207 20 39 7207 20 59,"1, 2, 10, 12, 22",Primary route,Forgings
7207 11 90 7207 12 90 7207 19 19 7207 20 19 7207 20 39 7207 20 59,"3, 10, 12, 22",Secondary route - EAF,Forgings
7207 11 90 7207 12 90 7207 19 19 7207 20 19 7207 20 39 7207 20 59,"3, 10, 12, 22",Secondary route - Induction furnace,Forgings
7207 11 90 7207 12 90 7207 19 19 7207 20 19 7207 20 39 7207 20 59,"3, 4, 10, 12, 22",DRI (Midrex)-EAF,Forgings
7207 11 90 7207 12 90 7207 19 19 7207 20 19 7207 20 39 7207 20 59,"2, 4, 10, 12, 22",DRI (Corex)-BOF,Forgings
7207 11 90 7207 12 90 7207 19 19 7207 20 19 7207 20 39 7207 20 59,"3, 4, 10, 12, 22",DRI (Rotary Kiln)-EAF,Forgings
7208,"1, 2, 11, 13, 23",Primary route,"Iron or non-alloy steel; flat-rolled products of a width of 600mm or more, hot-rolled, not clad, plated or coated"
7208,"3, 11, 13, 23",Secondary route - EAF,"Iron or non-alloy steel; flat-rolled products of a width of 600mm or more, hot-rolled, not clad, plated or coated"
7208,"3, 11, 13, 23",Secondary route - Induction furnace,"Iron or non-alloy steel; flat-rolled products of a width of 600mm or more, hot-rolled, not clad, plated or coated"
7208,"3, 4, 11, 13, 23",DRI (Midrex)-EAF,"Iron or non-alloy steel; flat-rolled products of a width of 600mm or more, hot-rolled, not clad, plated or coated"
7208,"2, 4, 11, 13, 23",DRI (Corex)-BOF,"Iron or non-alloy steel; flat-rolled products of a width of 600mm or more, hot-rolled, not clad, plated or coated"
7208,"3, 4, 11, 13, 23",DRI (Rotary Kiln)-EAF,"Iron or non-alloy steel; flat-rolled products of a width of 600mm or more, hot-rolled, not clad, plated or coated"
7209,"1, 2, 11, 13, 14, 15, 23",Primary route,"Iron or non-alloy steel; flat-rolled products, width 600mm or more, cold-rolled (cold-reduced), not clad, plated or coated"
7209,"3, 11, 13, 14, 15, 23",Secondary route - EAF,"Iron or non-alloy steel; flat-rolled products, width 600mm or more, cold-rolled (cold-reduced), not clad, plated or coated"
7209,"3, 11, 13, 14, 15, 23",Secondary route - Induction furnace,"Iron or non-alloy steel; flat-rolled products, width 600mm or more, cold-rolled (cold-reduced), not clad, plated or coated"
7209,"3, 4, 11, 13, 14, 15, 23",DRI (Midrex)-EAF,"Iron or non-alloy steel; flat-rolled products, width 600mm or more, cold-rolled (cold-reduced), not clad, plated or coated"
7209,"2, 4, 11, 13, 14, 15, 23",DRI (Corex)-BOF,"Iron or non-alloy steel; flat-rolled products, width 600mm or more, cold-rolled (cold-reduced), not clad, plated or coated"
7209,"3, 4, 11, 13, 14, 15, 23",DRI (Rotary Kiln)-EAF,"Iron or non-alloy steel; flat-rolled products, width 600mm or more, cold-rolled (cold-reduced), not clad, plated or coated"
7210,"1, 2, 11, 13, 14, 15, 16, 23",Primary route,"Iron or non-alloy steel; flat-rolled products, width 600mm or more, clad, plated or coated"
7210,"3, 11, 13, 14, 15, 16, 23",Secondary route - EAF,"Iron or non-alloy steel; flat-rolled products, width 600mm or more, clad, plated or coated"
7210,"3, 11, 13, 14, 15, 16, 23",Secondary route - Induction furnace,"Iron or non-alloy steel; flat-rolled products, width 600mm or more, clad, plated or coated"
7210,"3, 4, 11, 13, 14, 15, 16, 23",DRI (Midrex)-EAF,"Iron or non-alloy steel; flat-rolled products, width 600mm or more, clad, plated or coated"
7210,"2, 4, 11, 13, 14, 15, 16, 23",DRI (Corex)-BOF,"Iron or non-alloy steel; flat-rolled products, width 600mm or more, clad, plated or coated"
7210,"3, 4, 11, 13, 14, 15, 16, 23",DRI (Rotary Kiln)-EAF,"Iron or non-alloy steel; flat-rolled products, width 600mm or more, clad, plated or coated"
7211 13 00 7211 14 00 7211 19 00,"1, 2, 11, 13, 23",Primary route,Hot-rolled flat products
7211 13 00 7211 14 00 7211 19 00,"3, 11, 13, 23",Secondary route - EAF,Hot-rolled flat products
7211 13 00 7211 14 00 7211 19 00,"3, 11, 13, 23",Secondary route - Induction furnace,Hot-rolled flat products
7211 13 00 7211 14 00 7211 19 00,"3, 4, 11, 13, 23",DRI (Midrex)-EAF,Hot-rolled flat products
7211 13 00 7211 14 00 7211 19 00,"2, 4, 11, 13, 23",DRI (Corex)-BOF,Hot-rolled flat products
7211 13 00 7211 14 00 7211 19 00,"3, 4, 11, 13, 23",DRI (Rotary Kiln)-EAF,Hot-rolled flat products
7211 23 7211 29 00 7211 90,"1, 2, 11, 13, 14, 15, 23",Primary route,Cold-rolled and annealed flat products
7211 23 7211 29 00 7211 90,"3, 11, 13, 14, 15, 23",Secondary route - EAF,Cold-rolled and annealed flat products
7211 23 7211 29 00 7211 90,"3, 11, 13, 14, 15, 23",Secondary route - Induction furnace,Cold-rolled and annealed flat products
7211 23 7211 29 00 7211 90,"3, 4, 11, 13, 14, 15, 23",DRI (Midrex)-EAF,Cold-rolled and annealed flat products
7211 23 7211 29 00 7211 90,"2, 4, 11, 13, 14, 15, 23",DRI (Corex)-BOF,Cold-rolled and annealed flat products
7211 23 7211 29 00 7211 90,"3, 4, 11, 13, 14, 15, 23",DRI (Rotary Kiln)-EAF,Cold-rolled and annealed flat products
7212,"1, 2, 11, 13, 14, 15, 16, 23",Primary route,"Iron or non-alloy steel; flat-rolled products, width less than 600mm, clad, plated or coated"
7212,"3, 11, 13, 14, 15, 16, 23",Secondary route - EAF,"Iron or non-alloy steel; flat-rolled products, width less than 600mm, clad, plated or coated"
7212,"3, 11, 13, 14, 15, 16, 23",Secondary route - Induction furnace,"Iron or non-alloy steel; flat-rolled products, width less than 600mm, clad, plated or coated"
7212,"3, 4, 11, 13, 14, 15, 16, 23",DRI (Midrex)-EAF,"Iron or non-alloy steel; flat-rolled products, width less than 600mm, clad, plated or coated"
7212,"2, 4, 11, 13, 14, 15, 16, 23",DRI (Corex)-BOF,"Iron or non-alloy steel; flat-rolled products, width less than 600mm, clad, plated or coated"
7212,"3, 4, 11, 13, 14, 15, 16, 23",DRI (Rotary Kiln)-EAF,"Iron or non-alloy steel; flat-rolled products, width less than 600mm, clad, plated or coated"
7213,"1, 2, 11, 18, 25",Primary route,"Iron or non-alloy steel; bars and rods, hot-rolled, in irregularly wound coils"
7213,"3, 11, 18, 25",Secondary route - EAF,"Iron or non-alloy steel; bars and rods, hot-rolled, in irregularly wound coils"
7213,"3, 11, 18, 25",Secondary route - Induction furnace,"Iron or non-alloy steel; bars and rods, hot-rolled, in irregularly wound coils"
7213,"3, 4, 11, 18, 25",DRI (Midrex)-EAF,"Iron or non-alloy steel; bars and rods, hot-rolled, in irregularly wound coils"
7213,"2, 4, 11, 18, 25",DRI (Corex)-BOF,"Iron or non-alloy steel; bars and rods, hot-rolled, in irregularly wound coils"
7213,"3, 4, 11, 18, 25",DRI (Rotary Kiln)-EAF,"Iron or non-alloy steel; bars and rods, hot-rolled, in irregularly wound coils"
7214 10 00,"1, 2, 10, 12, 22",Primary route,Forgings
7214 10 00,"3, 10, 12, 22",Secondary route - EAF,Forgings
7214 10 00,"3, 10, 12, 22",Secondary route - Induction furnace,Forgings
7214 10 00,"3, 4, 10, 12, 22",DRI (Midrex)-EAF,Forgings
7214 10 00,"2, 4, 10, 12, 22",DRI (Corex)-BOF,Forgings
7214 10 00,"3, 4, 10, 12, 22",DRI (Rotary Kiln)-EAF,Forgings
7214 20 00 7214 30 00 7214 91 7214 99,"1, 2, 11, 18, 25",Primary route,"Bars, rods, and other long products"
7214 20 00 7214 30 00 7214 91 7214 99,"3, 11, 18, 25",Secondary route - EAF,"Bars, rods, and other long products"
7214 20 00 7214 30 00 7214 91 7214 99,"3, 11, 18, 25",Secondary route - Induction furnace,"Bars, rods, and other long products"
7214 20 00 7214 30 00 7214 91 7214 99,"3, 4, 11, 18, 25",DRI (Midrex)-EAF,"Bars, rods, and other long products"
7214 20 00 7214 30 00 7214 91 7214 99,"2, 4, 11, 18, 25",DRI (Corex)-BOF,"Bars, rods, and other long products"
7214 20 00 7214 30 00 7214 91 7214 99,"3, 4, 11, 18, 25",DRI (Rotary Kiln)-EAF,"Bars, rods, and other long products"
7215,"1, 2, 11, 18, 25",Primary route,"Iron or non-alloy steel; bars and rods, n.e.c. in chapter 72"
7215,"3, 11, 18, 25",Secondary route - EAF,"Iron or non-alloy steel; bars and rods, n.e.c. in chapter 72"
7215,"3, 11, 18, 25",Secondary route - Induction furnace,"Iron or non-alloy steel; bars and rods, n.e.c. in chapter 72"
7215,"3, 4, 11, 18, 25",DRI (Midrex)-EAF,"Iron or non-alloy steel; bars and rods, n.e.c. in chapter 72"
7215,"2, 4, 11, 18, 25",DRI (Corex)-BOF,"Iron or non-alloy steel; bars and rods, n.e.c. in chapter 72"
7215,"3, 4, 11, 18, 25",DRI (Rotary Kiln)-EAF,"Iron or non-alloy steel; bars and rods, n.e.c. in chapter 72"
7216,"1, 2, 11, 18, 25",Primary route,"Iron or non-alloy steel, angles, shapes and sections"
7216,"3, 11, 18, 25",Secondary route - EAF,"Iron or non-alloy steel, angles, shapes and sections"
7216,"3, 11, 18, 25",Secondary route - Induction furnace,"Iron or non-alloy steel, angles, shapes and sections"
7216,"3, 4, 11, 18, 25",DRI (Midrex)-EAF,"Iron or non-alloy steel, angles, shapes and sections"
7216,"2, 4, 11, 18, 25",DRI (Corex)-BOF,"Iron or non-alloy steel, angles, shapes and sections"
7216,"3, 4, 11, 18, 25",DRI (Rotary Kiln)-EAF,"Iron or non-alloy steel, angles, shapes and sections"
7217 10,"1, 2, 11, 18, 19, 26",Primary route,Wires
7217 10,"3, 11, 18, 19, 26",Secondary route - EAF,Wires
7217 10,"3, 11, 18, 19, 26",Secondary route - Induction furnace,Wires
7217 10,"3, 4, 11, 18, 19, 26",DRI (Midrex)-EAF,Wires
7217 10,"2, 4, 11, 18, 19, 26",DRI (Corex)-BOF,Wires
7217 10,"3, 4, 11, 18, 19, 26",DRI (Rotary Kiln)-EAF,Wires
7217 20 7217 30 7217 90,"1, 2, 11, 18, 19, 20, 26",Primary route,Plated or coated wires
7217 20 7217 30 7217 90,"3, 11, 18, 19, 20, 26",Secondary route - EAF,Plated or coated wires
7217 20 7217 30 7217 90,"3, 11, 18, 19, 20, 26",Secondary route - Induction furnace,Plated or coated wires
7217 20 7217 30 7217 90,"3, 4, 11, 18, 19, 20, 26",DRI (Midrex)-EAF,Plated or coated wires
7217 20 7217 30 7217 90,"2, 4, 11, 18, 19, 20, 26",DRI (Corex)-BOF,Plated or coated wires
7217 20 7217 30 7217 90,"3, 4, 11, 18, 19, 20, 26",DRI (Rotary Kiln)-EAF,Plated or coated wires
7218 10 00 7218 99 19 7218 99 80,"1, 2, 5, 10, 12, 22",Primary route steel alloy,Ingots and forgings
7218 10 00 7218 99 19 7218 99 80,"3, 5, 10, 12, 22",Secondary route steel alloy - EAF,Ingots and forgings
7218 10 00 7218 99 19 7218 99 80,"3, 5, 10, 12, 22",Secondary route steel alloy - Induction furnace,Ingots and forgings
7218 91 7218 99 11 7218 99 20,"1, 2, 5, 11, 13, 23",Primary route steel alloy,Hot-rolled flat products
7218 91 7218 99 11 7218 99 20,"3, 5, 11, 13, 23",Secondary route steel alloy - EAF,Hot-rolled flat products
7218 91 7218 99 11 7218 99 20,"3, 5, 11, 13, 23",Secondary route steel alloy - Induction furnace,Hot-rolled flat products
7219 11 00 7219 12 7219 13 7219 14 7219 21 7219 22 7219 23 00 7219 24 00,"1, 2, 5, 11, 13, 23",Primary route steel alloy,Hot-rolled flat products
7219 11 00 7219 12 7219 13 7219 14 7219 21 7219 22 7219 23 00 7219 24 00,"3, 5, 11, 13, 23",Secondary route steel alloy - EAF,Hot-rolled flat products
7219 11 00 7219 12 7219 13 7219 14 7219 21 7219 22 7219 23 00 7219 24 00,"3, 5, 11, 13, 23",Secondary route steel alloy - Induction furnace,Hot-rolled flat products
7219 31 00 7219 32 7219 33 7219 34 7219 35 7219 90,"1, 2, 5, 11, 13, 14, 15, 23",Primary route steel alloy,Cold-rolled and annealed flat products
7219 31 00 7219 32 7219 33 7219 34 7219 35 7219 90,"3, 5, 11, 13, 14, 15, 23",Secondary route steel alloy - EAF,Cold-rolled and annealed flat products
7219 31 00 7219 32 7219 33 7219 34 7219 35 7219 90,"3, 5, 11, 13, 14, 15, 23",Secondary route steel alloy - Induction furnace,Cold-rolled and annealed flat products
7220 11 00 7220 12 00,"1, 2, 5, 11, 13, 23",Primary route steel alloy,Hot-rolled flat products
7220 11 00 7220 12 00,"3, 5, 11, 13, 23",Secondary route steel alloy - EAF,Hot-rolled flat products
7220 11 00 7220 12 00,"3, 5, 11, 13, 23",Secondary route steel alloy - Induction furnace,Hot-rolled flat products
7220 20 7220 90,"1, 2, 5, 11, 13, 14, 15, 23",Primary route steel alloy,Cold-rolled and annealed flat products
7220 20 7220 90,"3, 5, 11, 13, 14, 15, 23",Secondary route steel alloy - EAF,Cold-rolled and annealed flat products
7220 20 7220 90,"3, 5, 11, 13, 14, 15, 23",Secondary route steel alloy - Induction furnace,Cold-rolled and annealed flat products
7221,"1, 2, 5, 11, 18, 25",Primary route steel alloy,"Stainless steel bars and rods, hot-rolled, in irregularly wound coils"
7221,"3, 5, 11, 18, 25",Secondary route steel alloy - EAF,"Stainless steel bars and rods, hot-rolled, in irregularly wound coils"
7221,"3, 5, 11, 18, 25",Secondary route steel alloy - Induction furnace,"Stainless steel bars and rods, hot-rolled, in irregularly wound coils"
7222 11 7222 19 7222 20 7222 40,"1, 2, 5, 11, 18, 25",Primary route steel alloy,"Bars, rods, and other long products"
7222 11 7222 19 7222 20 7222 40,"3, 5, 11, 18, 25",Secondary route steel alloy - EAF,"Bars, rods, and other long products"
7222 11 7222 19 7222 20 7222 40,"3, 5, 11, 18, 25",Secondary route steel alloy - Induction furnace,"Bars, rods, and other long products"
7222 30,"1, 2, 5, 10, 12, 22",Primary route steel alloy,Forgings
7222 30,"3, 5, 10, 12, 22",Secondary route steel alloy - EAF,Forgings
7222 30,"3, 5, 10, 12, 22",Secondary route steel alloy - Induction furnace,Forgings
7223 00,"1, 2, 5, 11, 18, 19, 26",Primary route steel alloy,Wires
7223 00,"3, 5, 11, 18, 19, 26",Secondary route steel alloy - EAF,Wires
7223 00,"3, 5, 11, 18, 19, 26",Secondary route steel alloy - Induction furnace,Wires
7224 10 7224 90 18 7224 90 90,"1, 2, 5, 10, 12, 22",Primary route steel alloy,Ingots and forgings
7224 10 7224 90 18 7224 90 90,"3, 5, 10, 12, 22",Secondary route steel alloy - EAF,Ingots and forgings
7224 10 7224 90 18 7224 90 90,"3, 5, 10, 12, 22",Secondary route steel alloy - Induction furnace,Ingots and forgings
7224 90 02 7224 90 03 7224 90 05 7224 90 07 7224 90 14 7224 90 31 7224 90 38,"1, 2, 5, 11, 13, 23",Primary route steel alloy,Hot-rolled flat products
7224 90 02 7224 90 03 7224 90 05 7224 90 07 7224 90 14 7224 90 31 7224 90 38,"3, 5, 11, 13, 23",Secondary route steel alloy - EAF,Hot-rolled flat products
7224 90 02 7224 90 03 7224 90 05 7224 90 07 7224 90 14 7224 90 31 7224 90 38,"3, 5, 11, 13, 23",Secondary route steel alloy - Induction furnace,Hot-rolled flat products
7225 11 00 7225 19 10 7225 30 7225 40,"1, 2, 5, 11, 13, 23",Primary route steel alloy,Hot-rolled flat products
7225 11 00 7225 19 10 7225 30 7225 40,"3, 5, 11, 13, 23",Secondary route steel alloy - EAF,Hot-rolled flat products
7225 11 00 7225 19 10 7225 30 7225 40,"3, 5, 11, 13, 23",Secondary route steel alloy - Induction furnace,Hot-rolled flat products
7225 19 90 7225 50,"1, 2, 5, 11, 13, 14, 15, 23",Primary route steel alloy,Cold-rolled and annealed flat products
7225 19 90 7225 50,"3, 5, 11, 13, 14, 15, 23",Secondary route steel alloy - EAF,Cold-rolled and annealed flat products
7225 19 90 7225 50,"3, 5, 11, 13, 14, 15, 23",Secondary route steel alloy - Induction furnace,Cold-rolled and annealed flat products
7225 91 00 7225 92 00 7225 99 00,"1, 2, 5, 11, 13, 14, 15, 16, 23",Primary route steel alloy,Plated or coated flat products
7225 91 00 7225 92 00 7225 99 00,"3, 5, 11, 13, 14, 15, 16, 23",Secondary route steel alloy - EAF,Plated or coated flat products
7225 91 00 7225 92 00 7225 99 00,"3, 5, 11, 13, 14, 15, 16, 23",Secondary route steel alloy - Induction furnace,Plated or coated flat products
7226 11 00 7226 19 10 7226 20 00 7226 91,"1, 2, 5, 11, 13, 23",Primary route steel alloy,Hot-rolled flat products
7226 11 00 7226 19 10 7226 20 00 7226 91,"3, 5, 11, 13, 23",Secondary route steel alloy - EAF,Hot-rolled flat products
7226 11 00 7226 19 10 7226 20 00 7226 91,"3, 5, 11, 13, 23",Secondary route steel alloy - Induction furnace,Hot-rolled flat products
7226 19 80 7226 92 00,"1, 2, 5, 11, 13, 14, 15, 23",Primary route steel alloy,Cold-rolled and annealed flat products
7226 19 80 7226 92 00,"3, 5, 11, 13, 14, 15, 23",Secondary route steel alloy - EAF,Cold-rolled and annealed flat products
7226 19 80 7226 92 00,"3, 5, 11, 13, 14, 15, 23",Secondary route steel alloy - Induction furnace,Cold-rolled and annealed flat products
7226 99,"1, 2, 5, 11, 13, 14, 15, 16, 23",Primary route steel alloy,Plated or coated flat products
7226 99,"3, 5, 11, 13, 14, 15, 16, 23",Secondary route steel alloy - EAF,Plated or coated flat products
7226 99,"3, 5, 11, 13, 14, 15, 16, 23",Secondary route steel alloy - Induction furnace,Plated or coated flat products
7227,"1, 2, 5, 11, 18, 25",Primary route steel alloy,"Steel, alloy; bars and rods, hot-rolled, in irregularly wound coils"
7227,"3, 5, 11, 18, 25",Secondary route steel alloy - EAF,"Steel, alloy; bars and rods, hot-rolled, in irregularly wound coils"
7227,"3, 5, 11, 18, 25",Secondary route steel alloy - Induction furnace,"Steel, alloy; bars and rods, hot-rolled, in irregularly wound coils"
7228 10 20 7228 10 90 7228 20 7228 30 7228 50 7228 60 7228 70 7228 80 00,"1, 2, 5, 11, 18, 25",Primary route steel alloy,"Bars, rods, and other long products"
7228 10 20 7228 10 90 7228 20 7228 30 7228 50 7228 60 7228 70 7228 80 00,"3, 5, 11, 18, 25",Secondary route steel alloy - EAF,"Bars, rods, and other long products"
7228 10 20 7228 10 90 7228 20 7228 30 7228 50 7228 60 7228 70 7228 80 00,"3, 5, 11, 18, 25",Secondary route steel alloy - Induction furnace,"Bars, rods, and other long products"
7228 10 50 7228 40,"1, 2, 5, 10, 12, 22",Primary route steel alloy,Forgings
7228 10 50 7228 40,"3, 5, 10, 12, 22",Secondary route steel alloy - EAF,Forgings
7228 10 50 7228 40,"3, 5, 10, 12, 22",Secondary route steel alloy - Induction furnace,Forgings
7229,"1, 2, 5, 11, 18, 19, 26",Primary route steel alloy,Wire of other alloy steel.
7229,"3, 5, 11, 18, 19, 26",Secondary route steel alloy - EAF,Wire of other alloy steel.
7229,"3, 5, 11, 18, 19, 26",Secondary route steel alloy - Induction furnace,Wire of other alloy steel.
7301,"1, 2, 11, 13, 14, 15, 23",Primary route,"Sheet piling of iron or steel, whether or not drilled, punched or made from assembled elements; welded angles, shapes and sections, of iron or steel."
7301,"1, 2, 5, 11, 13, 14, 15, 23",Primary route steel alloy,"Sheet piling of iron or steel, whether or not drilled, punched or made from assembled elements; welded angles, shapes and sections, of iron or steel."
7301,"3, 5, 11, 13, 14, 15, 23",Secondary route steel alloy - EAF,"Sheet piling of iron or steel, whether or not drilled, punched or made from assembled elements; welded angles, shapes and sections, of iron or steel."
7301,"3, 5, 11, 13, 14, 15, 23",Secondary route steel alloy - Induction furnace,"Sheet piling of iron or steel, whether or not drilled, punched or made from assembled elements; welded angles, shapes and sections, of iron or steel."
7301,"3, 4, 11, 13, 14, 15, 23",DRI (Midrex)-EAF,"Sheet piling of iron or steel, whether or not drilled, punched or made from assembled elements; welded angles, shapes and sections, of iron or steel."
7301,"2, 4, 11, 13, 14, 15, 23",DRI (Corex)-BOF,"Sheet piling of iron or steel, whether or not drilled, punched or made from assembled elements; welded angles, shapes and sections, of iron or steel."
7301,"3, 4, 11, 13, 14, 15, 23",DRI (Rotary Kiln)-EAF,"Sheet piling of iron or steel, whether or not drilled, punched or made from assembled elements; welded angles, shapes and sections, of iron or steel."
7302,"1, 2, 11, 17, 24",Primary route,"Railway or tramway track construction material of iron or steel, the following : rails, check-rails and rack rails, switch blades, crossing frogs, point rods and other crossing pieces, sleepers (cross-ties), fish- plates, chairs, chair wedges, sole plates"
7302,"1, 2, 5, 11, 17, 24",Primary route steel alloy,"Railway or tramway track construction material of iron or steel, the following : rails, check-rails and rack rails, switch blades, crossing frogs, point rods and other crossing pieces, sleepers (cross-ties), fish- plates, chairs, chair wedges, sole plates"
7302,"3, 5, 11, 17, 24",Secondary route steel alloy - EAF,"Railway or tramway track construction material of iron or steel, the following : rails, check-rails and rack rails, switch blades, crossing frogs, point rods and other crossing pieces, sleepers (cross-ties), fish- plates, chairs, chair wedges, sole plates"
7302,"3, 5, 11, 17, 24",Secondary route steel alloy - Induction furnace,"Railway or tramway track construction material of iron or steel, the following : rails, check-rails and rack rails, switch blades, crossing frogs, point rods and other crossing pieces, sleepers (cross-ties), fish- plates, chairs, chair wedges, sole plates"
7302,"3, 4, 11, 17, 24",DRI (Midrex)-EAF,"Railway or tramway track construction material of iron or steel, the following : rails, check-rails and rack rails, switch blades, crossing frogs, point rods and other crossing pieces, sleepers (cross-ties), fish- plates, chairs, chair wedges, sole plates"
7302,"2, 4, 11, 17, 24",DRI (Corex)-BOF,"Railway or tramway track construction material of iron or steel, the following : rails, check-rails and rack rails, switch blades, crossing frogs, point rods and other crossing pieces, sleepers (cross-ties), fish- plates, chairs, chair wedges, sole plates"
7302,"3, 4, 11, 17, 24",DRI (Rotary Kiln)-EAF,"Railway or tramway track construction material of iron or steel, the following : rails, check-rails and rack rails, switch blades, crossing frogs, point rods and other crossing pieces, sleepers (cross-ties), fish- plates, chairs, chair wedges, sole plates"
730300,"1, 9, 6, 11, 17, 24",Primary route,"Tubes, pipes & hollow profiles of cast iron"
7304 11 00 7304 22 00 7304 24 00 7304 41 00 7304 49 7304 51 7304 59,"1, 2, 5, 11, 17, 24",Primary route steel alloy,"Beams, billets, rails and tubes -- alloying elements group 1"
7304 11 00 7304 22 00 7304 24 00 7304 41 00 7304 49 7304 51 7304 59,"3, 5, 11, 17, 24",Secondary route steel alloy - EAF,"Beams, billets, rails and tubes -- alloying elements group 1"
7304 11 00 7304 22 00 7304 24 00 7304 41 00 7304 49 7304 51 7304 59,"3, 5, 11, 17, 24",Secondary route steel alloy - Induction furnace,"Beams, billets, rails and tubes -- alloying elements group 1"
7304 19 7304 23 00 7304 29 7304 31 7304 39 7304 90 00,"1, 2, 11, 17, 24",Primary route,"Beams, billets, rails and tubes -- alloying elements group 2"
7304 19 7304 23 00 7304 29 7304 31 7304 39 7304 90 00,"1, 2, 5, 11, 17, 24",Primary route steel alloy,"Beams, billets, rails and tubes -- alloying elements group 2"
7304 19 7304 23 00 7304 29 7304 31 7304 39 7304 90 00,"3, 5, 11, 17, 24",Secondary route steel alloy - EAF,"Beams, billets, rails and tubes -- alloying elements group 2"
7304 19 7304 23 00 7304 29 7304 31 7304 39 7304 90 00,"3, 5, 11, 17, 24",Secondary route steel alloy - Induction furnace,"Beams, billets, rails and tubes -- alloying elements group 2"
7304 19 7304 23 00 7304 29 7304 31 7304 39 7304 90 00,"3, 4, 11, 17, 24",DRI (Midrex)-EAF,"Beams, billets, rails and tubes -- alloying elements group 2"
7304 19 7304 23 00 7304 29 7304 31 7304 39 7304 90 00,"2, 4, 11, 17, 24",DRI (Corex)-BOF,"Beams, billets, rails and tubes -- alloying elements group 2"
7304 19 7304 23 00 7304 29 7304 31 7304 39 7304 90 00,"3, 4, 11, 17, 24",DRI (Rotary Kiln)-EAF,"Beams, billets, rails and tubes -- alloying elements group 2"
7305,"1, 2, 11, 13, 14, 15, 23",Primary route,"Other tubes and pipes (for example, welded, riveted or similarly closed), having circular cross-sections, the external diameter of which exceeds 406.4 mm, of iron or steel."
7305,"1, 2, 5, 11, 13, 14, 15, 23",Primary route steel alloy,"Other tubes and pipes (for example, welded, riveted or similarly closed), having circular cross-sections, the external diameter of which exceeds 406.4 mm, of iron or steel."
7305,"3, 5, 11, 13, 14, 15, 23",Secondary route steel alloy - EAF,"Other tubes and pipes (for example, welded, riveted or similarly closed), having circular cross-sections, the external diameter of which exceeds 406.4 mm, of iron or steel."
7305,"3, 5, 11, 13, 14, 15, 23",Secondary route steel alloy - Induction furnace,"Other tubes and pipes (for example, welded, riveted or similarly closed), having circular cross-sections, the external diameter of which exceeds 406.4 mm, of iron or steel."
7305,"3, 4, 11, 13, 14, 15, 23",DRI (Midrex)-EAF,"Other tubes and pipes (for example, welded, riveted or similarly closed), having circular cross-sections, the external diameter of which exceeds 406.4 mm, of iron or steel."
7305,"2, 4, 11, 13, 14, 15, 23",DRI (Corex)-BOF,"Other tubes and pipes (for example, welded, riveted or similarly closed), having circular cross-sections, the external diameter of which exceeds 406.4 mm, of iron or steel."
7305,"3, 4, 11, 13, 14, 15, 23",DRI (Rotary Kiln)-EAF,"Other tubes and pipes (for example, welded, riveted or similarly closed), having circular cross-sections, the external diameter of which exceeds 406.4 mm, of iron or steel."
7306 30 18,"1, 2, 11, 13, 23",Primary route,Hot-rolled flat products
7306 30 18,"1, 2, 5, 11, 13, 23",Primary route steel alloy,Hot-rolled flat products
7306 30 18,"3, 5, 11, 13, 23",Secondary route steel alloy - EAF,Hot-rolled flat products
7306 30 18,"3, 5, 11, 13, 23",Secondary route steel alloy - Induction furnace,Hot-rolled flat products
7306 30 18,"3, 4, 11, 13, 23",DRI (Midrex)-EAF,Hot-rolled flat products
7306 30 18,"2, 4, 11, 13, 23",DRI (Corex)-BOF,Hot-rolled flat products
7306 30 18,"3, 4, 11, 13, 23",DRI (Rotary Kiln)-EAF,Hot-rolled flat products
7306 19 00 7306 29 00 7306 30 12,"1, 2, 11, 13, 14, 15, 23",Primary route,Cold-rolled and annealed flat products
7306 19 00 7306 29 00 7306 30 12,"1, 2, 5, 11, 13, 14, 15, 23",Primary route steel alloy,Cold-rolled and annealed flat products
7306 19 00 7306 29 00 7306 30 12,"3, 5, 11, 13, 14, 15, 23",Secondary route steel alloy - EAF,Cold-rolled and annealed flat products
7306 19 00 7306 29 00 7306 30 12,"3, 5, 11, 13, 14, 15, 23",Secondary route steel alloy - Induction furnace,Cold-rolled and annealed flat products
7306 19 00 7306 29 00 7306 30 12,"3, 4, 11, 13, 14, 15, 23",DRI (Midrex)-EAF,Cold-rolled and annealed flat products
7306 19 00 7306 29 00 7306 30 12,"2, 4, 11, 13, 14, 15, 23",DRI (Corex)-BOF,Cold-rolled and annealed flat products
7306 19 00 7306 29 00 7306 30 12,"3, 4, 11, 13, 14, 15, 23",DRI (Rotary Kiln)-EAF,Cold-rolled and annealed flat products
7306 30 41 7306 30 49 7306 30 72 7306 30 77 7306 30 80 7306 61 92 7306 61 99 7306 69 90 7306 90 00,"1, 2, 11, 13, 14, 15, 16, 23",Primary route,Plated or coated flat products
7306 30 41 7306 30 49 7306 30 72 7306 30 77 7306 30 80 7306 61 92 7306 61 99 7306 69 90 7306 90 00,"1, 2, 5, 11, 13, 14, 15, 16, 23",Primary route steel alloy,Plated or coated flat products
7306 30 41 7306 30 49 7306 30 72 7306 30 77 7306 30 80 7306 61 92 7306 61 99 7306 69 90 7306 90 00,"3, 5, 11, 13, 14, 15, 16, 23",Secondary route steel alloy - EAF,Plated or coated flat products
7306 30 41 7306 30 49 7306 30 72 7306 30 77 7306 30 80 7306 61 92 7306 61 99 7306 69 90 7306 90 00,"3, 5, 11, 13, 14, 15, 16, 23",Secondary route steel alloy - Induction furnace,Plated or coated flat products
7306 30 41 7306 30 49 7306 30 72 7306 30 77 7306 30 80 7306 61 92 7306 61 99 7306 69 90 7306 90 00,"3, 4, 11, 13, 14, 15, 16, 23",DRI (Midrex)-EAF,Plated or coated flat products
7306 30 41 7306 30 49 7306 30 72 7306 30 77 7306 30 80 7306 61 92 7306 61 99 7306 69 90 7306 90 00,"2, 4, 11, 13, 14, 15, 16, 23",DRI (Corex)-BOF,Plated or coated flat products
7306 30 41 7306 30 49 7306 30 72 7306 30 77 7306 30 80 7306 61 92 7306 61 99 7306 69 90 7306 90 00,"3, 4, 11, 13, 14, 15, 16, 23",DRI (Rotary Kiln)-EAF,Plated or coated flat products
7306 40 80 7306 50 29,"1, 2, 5, 11, 13, 23",Primary route steel alloy,Hot-rolled flat products -- alloyed
7306 40 80 7306 50 29,"3, 5, 11, 13, 23",Secondary route steel alloy - EAF,Hot-rolled flat products -- alloyed
7306 40 80 7306 50 29,"3, 5, 11, 13, 23",Secondary route steel alloy - Induction furnace,Hot-rolled flat products -- alloyed
7306 11 00 7306 21 00 7306 40 20 7306 61 10 7306 69 10,"1, 2, 5, 11, 13, 14, 15, 23",Primary route steel alloy,Cold-rolled and annealed flat products -- alloying elements group 1
7306 11 00 7306 21 00 7306 40 20 7306 61 10 7306 69 10,"3, 5, 11, 13, 14, 15, 23",Secondary route steel alloy - EAF,Cold-rolled and annealed flat products -- alloying elements group 1
7306 11 00 7306 21 00 7306 40 20 7306 61 10 7306 69 10,"3, 5, 11, 13, 14, 15, 23",Secondary route steel alloy - Induction furnace,Cold-rolled and annealed flat products -- alloying elements group 1
7306 50 21 7306 50 80,"1, 2, 5, 11, 13, 14, 15, 23",Primary route steel alloy,Cold-rolled and annealed flat products -- alloying elements group 2
7306 50 21 7306 50 80,"3, 5, 11, 13, 14, 15, 23",Secondary route steel alloy - EAF,Cold-rolled and annealed flat products -- alloying elements group 2
7306 50 21 7306 50 80,"3, 5, 11, 13, 14, 15, 23",Secondary route steel alloy - Induction furnace,Cold-rolled and annealed flat products -- alloying elements group 2
7307 11 7307 19 10,"1, 10, 12, 22",Primary route,Forgings of cast iron
7307 19 90,"3, 10, 12, 22",Secondary route - EAF,Forgings of cast steel
7307 19 90,"3, 10, 12, 22",Secondary route - Induction furnace,Forgings of cast steel
7307 21 00 7307 22 7307 23 7307 29,"1, 2, 5, 11, 17, 24",Primary route steel alloy,"Beams, billets, rails and tubes -- of stainless steel"
7307 21 00 7307 22 7307 23 7307 29,"3, 5, 11, 17, 24",Secondary route steel alloy - EAF,"Beams, billets, rails and tubes -- of stainless steel"
7307 21 00 7307 22 7307 23 7307 29,"3, 5, 11, 17, 24",Secondary route steel alloy - Induction furnace,"Beams, billets, rails and tubes -- of stainless steel"
7307 91 00 7307 92 7307 93 7307 99,"1, 2, 11, 17, 24",Primary route,"Beams, billets, rails and tubes"
7307 91 00 7307 92 7307 93 7307 99,"3, 11, 17, 24",Secondary route - EAF,"Beams, billets, rails and tubes"
7307 91 00 7307 92 7307 93 7307 99,"3, 11, 17, 24",Secondary route - Induction furnace,"Beams, billets, rails and tubes"
7307 91 00 7307 92 7307 93 7307 99,"3, 4, 11, 17, 24",DRI (Midrex)-EAF,"Beams, billets, rails and tubes"
7307 91 00 7307 92 7307 93 7307 99,"2, 4, 11, 17, 24",DRI (Corex)-BOF,"Beams, billets, rails and tubes"
7307 91 00 7307 92 7307 93 7307 99,"3, 4, 11, 17, 24",DRI (Rotary Kiln)-EAF,"Beams, billets, rails and tubes"
7308,"1, 2, 11, 13, 14, 15, 16, 23",Primary route,"Structures (excluding prefabricated buildings of heading 9406) and parts of structures (for example, bridges and bridge-sections, lock- gates, towers, lattice masts, roofs, roofing frameworks, doors and windows and their frames and thresholds for doors, shutters, balusTrades, pillars and columns), of iron or steel; plates, rods, angles, shapes, sections, tubes and the like, prepared for use in structures, of iron or steel"
7308,"1, 2, 5, 11, 13, 14, 15, 16, 23",Primary route steel alloy,"Structures (excluding prefabricated buildings of heading 9406) and parts of structures (for example, bridges and bridge-sections, lock- gates, towers, lattice masts, roofs, roofing frameworks, doors and windows and their frames and thresholds for doors, shutters, balusTrades, pillars and columns), of iron or steel; plates, rods, angles, shapes, sections, tubes and the like, prepared for use in structures, of iron or steel"
7308,"3, 5, 11, 13, 14, 15, 16, 23",Secondary route steel alloy - EAF,"Structures (excluding prefabricated buildings of heading 9406) and parts of structures (for example, bridges and bridge-sections, lock- gates, towers, lattice masts, roofs, roofing frameworks, doors and windows and their frames and thresholds for doors, shutters, balusTrades, pillars and columns), of iron or steel; plates, rods, angles, shapes, sections, tubes and the like, prepared for use in structures, of iron or steel"
7308,"3, 5, 11, 13, 14, 15, 16, 23",Secondary route steel alloy - Induction furnace,"Structures (excluding prefabricated buildings of heading 9406) and parts of structures (for example, bridges and bridge-sections, lock- gates, towers, lattice masts, roofs, roofing frameworks, doors and windows and their frames and thresholds for doors, shutters, balusTrades, pillars and columns), of iron or steel; plates, rods, angles, shapes, sections, tubes and the like, prepared for use in structures, of iron or steel"
7308,"3, 4, 11, 13, 14, 15, 16, 23",DRI (Midrex)-EAF,"Structures (excluding prefabricated buildings of heading 9406) and parts of structures (for example, bridges and bridge-sections, lock- gates, towers, lattice masts, roofs, roofing frameworks, doors and windows and their frames and thresholds for doors, shutters, balusTrades, pillars and columns), of iron or steel; plates, rods, angles, shapes, sections, tubes and the like, prepared for use in structures, of iron or steel"
7308,"2, 4, 11, 13, 14, 15, 16, 23",DRI (Corex)-BOF,"Structures (excluding prefabricated buildings of heading 9406) and parts of structures (for example, bridges and bridge-sections, lock- gates, towers, lattice masts, roofs, roofing frameworks, doors and"
7308,"3, 4, 11, 13, 14, 15, 16, 23",DRI (Rotary Kiln)-EAF,"Structures (excluding prefabricated buildings of heading 9406) and parts of structures (for example, bridges and bridge-sections, lock- gates, towers, lattice masts, roofs, roofing frameworks, doors and windows and their frames and thresholds for doors, shutters, balusTrades, pillars and columns), of iron or steel; plates, rods, angles, shapes, sections, tubes and the like, prepared for use in structures, of iron or steel"
7309,"1, 2, 11, 13, 14, 15, 16, 23",Primary route,"Reservoirs, tanks, vats and similar containers for any material (other than compressed or liquefied gas), of iron or steel, of a capacity exceeding 300 l, whether or not lined or heat-insulated, but not fitted with mechanical or thermal equipment"
7309,"1, 2, 5, 11, 13, 14, 15, 16, 23",Primary route steel alloy,"Reservoirs, tanks, vats and similar containers for any material (other than compressed or liquefied gas), of iron or steel, of a capacity exceeding 300 l, whether or not lined or heat-insulated, but not fitted with mechanical or thermal equipment"
7309,"3, 5, 11, 13, 14, 15, 16, 23",Secondary route steel alloy - EAF,"Reservoirs, tanks, vats and similar containers for any material (other than compressed or liquefied gas), of iron or steel, of a capacity exceeding 300 l, whether or not lined or heat-insulated, but not fitted with mechanical or thermal equipment"
7309,"3, 5, 11, 13, 14, 15, 16, 23",Secondary route steel alloy - Induction furnace,"Reservoirs, tanks, vats and similar containers for any material (other than compressed or liquefied gas), of iron or steel, of a capacity exceeding 300 l, whether or not lined or heat-insulated, but not fitted with mechanical or thermal equipment"
7309,"3, 4, 11, 13, 14, 15, 16, 23",DRI (Midrex)-EAF,"Reservoirs, tanks, vats and similar containers for any material (other than compressed or liquefied gas), of iron or steel, of a capacity exceeding 300 l, whether or not lined or heat-insulated, but not fitted with mechanical or thermal equipment"
7309,"2, 4, 11, 13, 14, 15, 16, 23",DRI (Corex)-BOF,"Reservoirs, tanks, vats and similar containers for any material (other than compressed or liquefied gas), of iron or steel, of a capacity exceeding 300 l, whether or not lined or heat-insulated, but not fitted with mechanical or thermal equipment"
7309,"3, 4, 11, 13, 14, 15, 16, 23",DRI (Rotary Kiln)-EAF,"Reservoirs, tanks, vats and similar containers for any material (other than compressed or liquefied gas), of iron or steel, of a capacity exceeding 300 l, whether or not lined or heat-insulated, but not fitted with mechanical or thermal equipment"
7310,"1, 2, 11, 13, 14, 15, 16, 23",Primary route,"Tanks, casks, drums, cans, boxes and similar containers, for any material (other than compressed or liquefied gas), of iron or steel, of a capacity not exceeding 300 l, whether or not lined or heat-insulated, but not fitted with mechanical or thermal equipment"
7310,"1, 2, 5, 11, 13, 14, 15, 16, 23",Primary route steel alloy,"Tanks, casks, drums, cans, boxes and similar containers, for any material (other than compressed or liquefied gas), of iron or steel, of a capacity not exceeding 300 l, whether or not lined or heat-insulated, but not fitted with mechanical or thermal equipment"
7310,"3, 5, 11, 13, 14, 15, 16, 23",Secondary route steel alloy - EAF,"Tanks, casks, drums, cans, boxes and similar containers, for any material (other than compressed or liquefied gas), of iron or steel, of a capacity not exceeding 300 l, whether or not lined or heat-insulated, but not fitted with mechanical or thermal equipment"
7310,"3, 5, 11, 13, 14, 15, 16, 23",Secondary route steel alloy - Induction furnace,"Tanks, casks, drums, cans, boxes and similar containers, for any material (other than compressed or liquefied gas), of iron or steel, of a capacity not exceeding 300 l, whether or not lined or heat-insulated, but not fitted with mechanical or thermal equipment"
7310,"3, 4, 11, 13, 14, 15, 16, 23",DRI (Midrex)-EAF,"Tanks, casks, drums, cans, boxes and similar containers, for any material (other than compressed or liquefied gas), of iron or steel, of a capacity not exceeding 300 l, whether or not lined or heat-insulated, but not fitted with mechanical or thermal equipment"
7310,"2, 4, 11, 13, 14, 15, 16, 23",DRI (Corex)-BOF,"Tanks, casks, drums, cans, boxes and similar containers, for any material (other than compressed or liquefied gas), of iron or steel, of a capacity not exceeding 300 l, whether or not lined or heat-insulated, but not fitted with mechanical or thermal equipment"
7310,"3, 4, 11, 13, 14, 15, 16, 23",DRI (Rotary Kiln)-EAF,"Tanks, casks, drums, cans, boxes and similar containers, for any material (other than compressed or liquefied gas), of iron or steel, of a capacity not exceeding 300 l, whether or not lined or heat-insulated, but not fitted with mechanical or thermal equipment"
7311 00,"1, 2, 11, 18, 25",Primary route,"Containers for compressed or liquefied gas, of iron or steel"
7311 00,"1, 2, 5, 11, 18, 25",Primary route steel alloy,"Containers for compressed or liquefied gas, of iron or steel"
7311 00,"3, 5, 11, 18, 25",Secondary route steel alloy - EAF,"Containers for compressed or liquefied gas, of iron or steel"
7311 00,"3, 5, 11, 18, 25",Secondary route steel alloy - Induction furnace,"Containers for compressed or liquefied gas, of iron or steel"
7311 00,"3, 4, 11, 18, 25",DRI (Midrex)-EAF,"Containers for compressed or liquefied gas, of iron or steel"
7311 00,"2, 4, 11, 18, 25",DRI (Corex)-BOF,"Containers for compressed or liquefied gas, of iron or steel"
7311 00,"3, 4, 11, 18, 25",DRI (Rotary Kiln)-EAF,"Containers for compressed or liquefied gas, of iron or steel"
7318 11 00 7318 12 90 7318 13 00 7318 14 91 7318 14 99 7318 19 00 7318 21 00 7318 24 00 7318 29 00,"1, 2, 11, 18, 25",Primary route,Coach screws; other wood screws; screw hooks and screw rings; self-tapping screws; other threaded articles; spring washers and other lock washers; cotters and cotter pins; other non-threaded articles - of iron or steel
7318 11 00 7318 12 90 7318 13 00 7318 14 91 7318 14 99 7318 19 00 7318 21 00 7318 24 00 7318 29 00,"3, 11, 18, 25",Secondary route - EAF,Coach screws; other wood screws; screw hooks and screw rings; self-tapping screws; other threaded articles; spring washers and other lock washers; cotters and cotter pins; other non-threaded articles - of iron or steel
7318 11 00 7318 12 90 7318 13 00 7318 14 91 7318 14 99 7318 19 00 7318 21 00 7318 24 00 7318 29 00,"3, 11, 18, 25",Secondary route - Induction furnace,Coach screws; other wood screws; screw hooks and screw rings; self-tapping screws; other threaded articles; spring washers and other lock washers; cotters and cotter pins; other non-threaded articles - of iron or steel
7318 11 00 7318 12 90 7318 13 00 7318 14 91 7318 14 99 7318 19 00 7318 21 00 7318 24 00 7318 29 00,"3, 4, 11, 18, 25",DRI (Midrex)-EAF,Coach screws; other wood screws; screw hooks and screw rings; self-tapping screws; other threaded articles; spring washers and other lock washers; cotters and cotter pins; other non-threaded articles - of iron or steel
7318 11 00 7318 12 90 7318 13 00 7318 14 91 7318 14 99 7318 19 00 7318 21 00 7318 24 00 7318 29 00,"2, 4, 11, 18, 25",DRI (Corex)-BOF,Coach screws; other wood screws; screw hooks and screw rings; self-tapping screws; other threaded articles; spring washers and other lock washers; cotters and cotter pins; other non-threaded articles - of iron or steel
7318 11 00 7318 12 90 7318 13 00 7318 14 91 7318 14 99 7318 19 00 7318 21 00 7318 24 00 7318 29 00,"3, 4, 11, 18, 25",DRI (Rotary Kiln)-EAF,Coach screws; other wood screws; screw hooks and screw rings; self-tapping screws; other threaded articles; spring washers and other lock washers; cotters and cotter pins; other non-threaded articles - of iron or steel
7318 12 10 7318 14 10,"1, 2, 5, 11, 18, 25",Primary route steel alloy,Other wood screws; self-tapping screws - of stainless steel
7318 12 10 7318 14 10,"3, 5, 11, 18, 25",Secondary route steel alloy - EAF,Other wood screws; self-tapping screws - of stainless steel
7318 12 10 7318 14 10,"3, 5, 11, 18, 25",Secondary route steel alloy - Induction furnace,Other wood screws; self-tapping screws - of stainless steel
7318 15,"1, 2, 11, 18, 25",Primary route,"Other screws and bolts, whether or not with their nuts or washers"
7318 15,"1, 2, 5, 11, 18, 25",Primary route steel alloy,"Other screws and bolts, whether or not with their nuts or washers"
7318 15,"3, 5, 11, 18, 25",Secondary route steel alloy - EAF,"Other screws and bolts, whether or not with their nuts or washers"
7318 15,"3, 5, 11, 18, 25",Secondary route steel alloy - Induction furnace,"Other screws and bolts, whether or not with their nuts or washers"
7318 15,"3, 4, 11, 18, 25",DRI (Midrex)-EAF,"Other screws and bolts, whether or not with their nuts or washers"
7318 15,"2, 4, 11, 18, 25",DRI (Corex)-BOF,"Other screws and bolts, whether or not with their nuts or washers"
7318 15,"3, 4, 11, 18, 25",DRI (Rotary Kiln)-EAF,"Other screws and bolts, whether or not with their nuts or washers"
7318 16,"1, 2, 11, 18, 25",Primary route,Nuts
7318 16,"1, 2, 5, 11, 18, 25",Primary route steel alloy,Nuts
7318 16,"3, 5, 11, 18, 25",Secondary route steel alloy - EAF,Nuts
7318 16,"3, 5, 11, 18, 25",Secondary route steel alloy - Induction furnace,Nuts
7318 16,"3, 4, 11, 18, 25",DRI (Midrex)-EAF,Nuts
7318 16,"2, 4, 11, 18, 25",DRI (Corex)-BOF,Nuts
7318 16,"3, 4, 11, 18, 25",DRI (Rotary Kiln)-EAF,Nuts
7318 22 00,"1, 2, 11, 18, 25",Primary route,Other washers
7318 22 00,"1, 2, 5, 11, 18, 25",Primary route steel alloy,Other washers
7318 22 00,"3, 5, 11, 18, 25",Secondary route steel alloy - EAF,Other washers
7318 22 00,"3, 5, 11, 18, 25",Secondary route steel alloy - Induction furnace,Other washers
7318 22 00,"3, 4, 11, 18, 25",DRI (Midrex)-EAF,Other washers
7318 22 00,"2, 4, 11, 18, 25",DRI (Corex)-BOF,Other washers
7318 22 00,"3, 4, 11, 18, 25",DRI (Rotary Kiln)-EAF,Other washers
7318 23 00,"1, 2, 11, 18, 25",Primary route,Rivets
7318 23 00,"1, 2, 5, 11, 18, 25",Primary route steel alloy,Rivets
7318 23 00,"3, 5, 11, 18, 25",Secondary route steel alloy - EAF,Rivets
7318 23 00,"3, 5, 11, 18, 25",Secondary route steel alloy - Induction furnace,Rivets
7318 23 00,"3, 4, 11, 18, 25",DRI (Midrex)-EAF,Rivets
7318 23 00,"2, 4, 11, 18, 25",DRI (Corex)-BOF,Rivets
7318 23 00,"3, 4, 11, 18, 25",DRI (Rotary Kiln)-EAF,Rivets
7326 11 00 7326 19 7326 90 92 7326 90 94 7326 90 96,"1, 2, 10, 12, 22",Primary route,"Forged, stamped, or sintered"
7326 11 00 7326 19 7326 90 92 7326 90 94 7326 90 96,"3, 10, 12, 22",Secondary route - EAF,"Forged, stamped, or sintered"
7326 11 00 7326 19 7326 90 92 7326 90 94 7326 90 96,"3, 10, 12, 22",Secondary route - Induction furnace,"Forged, stamped, or sintered"
7326 11 00 7326 19 7326 90 92 7326 90 94 7326 90 96,"3, 4, 10, 12, 22",DRI (Midrex)-EAF,"Forged, stamped, or sintered"
7326 11 00 7326 19 7326 90 92 7326 90 94 7326 90 96,"2, 4, 10, 12, 22",DRI (Corex)-BOF,"Forged, stamped, or sintered"
7326 11 00 7326 19 7326 90 92 7326 90 94 7326 90 96,"3, 4, 10, 12, 22",DRI (Rotary Kiln)-EAF,"Forged, stamped, or sintered"
7326 20 00,"1, 2, 11, 18, 19, 20, 26",Primary route,Articles of iron or steel wire
7326 20 00,"3, 11, 18, 19, 20, 26",Secondary route - EAF,Articles of iron or steel wire
7326 20 00,"3, 11, 18, 19, 20, 26",Secondary route - Induction furnace,Articles of iron or steel wire
7326 20 00,"3, 4, 11, 18, 19, 20, 26",DRI (Midrex)-EAF,Articles of iron or steel wire
7326 20 00,"2, 4, 11, 18, 19, 20, 26",DRI (Corex)-BOF,Articles of iron or steel wire
7326 20 00,"3, 4, 11, 18, 19, 20, 26",DRI (Rotary Kiln)-EAF,Articles of iron or steel wire
7326 90 30 7326 90 40 7326 90 50 7326 90 60,"1, 2, 11, 18, 25",Primary route,"Ladders and steps; Pallets and similar platforms for handling goods; Reels for cables, piping and the like; Non-mechanical ventilators, guttering, hooks and like articles used in the building industry"
7326 90 30 7326 90 40 7326 90 50 7326 90 60,"3, 11, 18, 25",Secondary route - EAF,"Ladders and steps; Pallets and similar platforms for handling goods; Reels for cables, piping and the like; Non-mechanical ventilators, guttering, hooks and like articles used in the building industry"
7326 90 30 7326 90 40 7326 90 50 7326 90 60,"3, 11, 18, 25",Secondary route - Induction furnace,"Ladders and steps; Pallets and similar platforms for handling goods; Reels for cables, piping and the like; Non-mechanical ventilators, guttering, hooks and like articles used in the building industry"
7326 90 30 7326 90 40 7326 90 50 7326 90 60,"3, 4, 11, 18, 25",DRI (Midrex)-EAF,"Ladders and steps; Pallets and similar platforms for handling goods; Reels for cables, piping and the like; Non-mechanical ventilators, guttering, hooks and like articles used in the building industry"
7326 90 30 7326 90 40 7326 90 50 7326 90 60,"2, 4, 11, 18, 25",DRI (Corex)-BOF,"Ladders and steps; Pallets and similar platforms for handling goods; Reels for cables, piping and the like; Non-mechanical ventilators, guttering, hooks and like articles used in the building industry"
7326 90 30 7326 90 40 7326 90 50 7326 90 60,"3, 4, 11, 18, 25",DRI (Rotary Kiln)-EAF,"Ladders and steps; Pallets and similar platforms for handling goods; Reels for cables, piping and the like; Non-mechanical ventilators, guttering, hooks and like articles used in the building industry"
7326 90 98,"1, 2, 11, 13, 14, 15, 16, 23",Primary route,Other articles of iron or steel
7326 90 98,"3, 11, 13, 14, 15, 16, 23",Secondary route - EAF,Other articles of iron or steel
7326 90 98,"3, 11, 13, 14, 15, 16, 23",Secondary route - Induction furnace,Other articles of iron or steel
7326 90 98,"3, 4, 11, 13, 14, 15, 16, 23",DRI (Midrex)-EAF,Other articles of iron or steel
7326 90 98,"2, 4, 11, 13, 14, 15, 16, 23",DRI (Corex)-BOF,Other articles of iron or steel
7326 90 98,"3, 4, 11, 13, 14, 15, 16, 23",DRI (Rotary Kiln)-EAF,Other articles of iron or steel
